{"cameraMode":{"drawMode":0,"name":"Shaded","section":"Shading Mode"},"sceneLighting":true,"audioPlay":false,"sceneViewState":{"m_AlwaysRefresh":false,"showFog":true,"showSkybox":true,"showFlares":true,"showImageEffects":true,"showParticleSystems":true,"showVisualEffectGraphs":true,"m_FxEnabled":true},"in2DMode":false,"pivot":{"x":-0.028556540608406068,"y":0.8922685980796814,"z":-0.500868558883667},"rotation":{"x":0.1763131320476532,"y":0.17989827692508698,"z":-0.032798707485198978,"w":0.9672207236289978},"size":0.90739506483078,"orthographic":false}