{"cameraMode":{"drawMode":0,"name":"Shaded","section":"Shading Mode"},"sceneLighting":true,"audioPlay":false,"sceneViewState":{"m_AlwaysRefresh":false,"showFog":true,"showSkybox":true,"showFlares":true,"showImageEffects":true,"showParticleSystems":true,"showVisualEffectGraphs":true,"m_FxEnabled":true},"in2DMode":false,"pivot":{"x":-0.24260959029197694,"y":0.7123004794120789,"z":-0.14590421319007874},"rotation":{"x":0.22356224060058595,"y":0.7446318864822388,"z":-0.3016534745693207,"w":0.5518651008605957},"size":0.7199508547782898,"orthographic":true}