{"cameraMode":{"drawMode":0,"name":"Shaded","section":"Shading Mode"},"sceneLighting":true,"audioPlay":false,"sceneViewState":{"m_AlwaysRefresh":false,"showFog":true,"showSkybox":true,"showFlares":true,"showImageEffects":true,"showParticleSystems":true,"showVisualEffectGraphs":true,"m_FxEnabled":true},"in2DMode":false,"pivot":{"x":1.3123477697372437,"y":-0.7064621448516846,"z":2.9327521324157717},"rotation":{"x":0.1889553964138031,"y":0.14755034446716309,"z":-0.02876713126897812,"w":0.9704453349113464},"size":2.70739483833313,"orthographic":false}