{"cameraMode":{"drawMode":0,"name":"Shaded","section":"Shading Mode"},"sceneLighting":false,"audioPlay":false,"sceneViewState":{"m_AlwaysRefresh":false,"showFog":true,"showSkybox":false,"showFlares":true,"showImageEffects":true,"showParticleSystems":true,"showVisualEffectGraphs":true,"m_FxEnabled":true},"in2DMode":false,"pivot":{"x":-0.0017293095588684083,"y":0.3082023859024048,"z":0.00847715511918068},"rotation":{"x":0.15681146085262299,"y":0.5874401330947876,"z":-0.11731360852718353,"w":0.785224437713623},"size":0.14441391825675965,"orthographic":false}