{"cameraMode":{"drawMode":0,"name":"Shaded","section":"Shading Mode"},"sceneLighting":false,"audioPlay":false,"sceneViewState":{"m_AlwaysRefresh":false,"showFog":true,"showSkybox":false,"showFlares":true,"showImageEffects":true,"showParticleSystems":true,"showVisualEffectGraphs":true,"m_FxEnabled":true},"in2DMode":false,"pivot":{"x":-0.018892429769039155,"y":0.00002067163586616516,"z":0.006025716662406921},"rotation":{"x":0.22931891679763795,"y":-0.0434982106089592,"z":0.010254432447254658,"w":0.9723391532897949},"size":0.15944908559322358,"orthographic":false}